{"cameraMode":{"drawMode":0,"name":"Shaded","section":"Shading Mode"},"sceneLighting":true,"audioPlay":false,"sceneViewState":{"showFog":true,"showMaterialUpdate":false,"showSkybox":true,"showFlares":true,"showImageEffects":true,"showParticleSystems":true},"in2DMode":false,"pivot":{"x":78.6975326538086,"y":-0.34263187646865847,"z":63.78329086303711},"rotation":{"x":-0.18497547507286073,"y":-0.33742132782936098,"z":0.0678112730383873,"w":-0.9205182194709778},"size":11.863619804382325,"orthographic":false}