{"cameraMode":{"drawMode":0,"name":"Shaded","section":"Shading Mode"},"sceneLighting":true,"audioPlay":false,"sceneViewState":{"showFog":true,"showMaterialUpdate":false,"showSkybox":true,"showFlares":true,"showImageEffects":true,"showParticleSystems":true},"in2DMode":false,"pivot":{"x":78.8362045288086,"y":-0.9918489456176758,"z":63.30952072143555},"rotation":{"x":-0.18497547507286073,"y":-0.33742132782936098,"z":0.0678112730383873,"w":-0.9205182194709778},"size":6.678864479064941,"orthographic":false}