{"cameraMode":{"drawMode":0,"name":"Shaded","section":"Shading Mode"},"sceneLighting":false,"audioPlay":false,"sceneViewState":{"showFog":true,"showMaterialUpdate":false,"showSkybox":false,"showFlares":true,"showImageEffects":true,"showParticleSystems":true},"in2DMode":false,"pivot":{"x":76.59984588623047,"y":0.17744624614715577,"z":60.481929779052737},"rotation":{"x":-0.18497547507286073,"y":-0.33742132782936098,"z":0.0678112730383873,"w":-0.9205182194709778},"size":0.9672821164131165,"orthographic":false}