{"cameraMode":{"drawMode":0,"name":"Shaded","section":"Shading Mode"},"sceneLighting":false,"audioPlay":false,"sceneViewState":{"showFog":true,"showMaterialUpdate":false,"showSkybox":false,"showFlares":true,"showImageEffects":true,"showParticleSystems":true},"in2DMode":false,"pivot":{"x":78.0199966430664,"y":0.11000001430511475,"z":64.31999969482422},"rotation":{"x":0.0941396951675415,"y":-0.8154944181442261,"z":0.13856269419193269,"w":0.5540103316307068},"size":5.7157673835754398,"orthographic":false}