{"cameraMode":{"drawMode":0,"name":"Shaded","section":"Shading Mode"},"sceneLighting":false,"audioPlay":false,"sceneViewState":{"showFog":true,"showMaterialUpdate":false,"showSkybox":false,"showFlares":true,"showImageEffects":true,"showParticleSystems":true},"in2DMode":false,"pivot":{"x":75.57862854003906,"y":0.1221814975142479,"z":61.97016906738281},"rotation":{"x":-0.18497547507286073,"y":-0.33742132782936098,"z":0.0678112730383873,"w":-0.9205182194709778},"size":4.903846263885498,"orthographic":false}