{"cameraMode":{"drawMode":0,"name":"Shaded","section":"Shading Mode"},"sceneLighting":true,"audioPlay":false,"sceneViewState":{"showFog":true,"showMaterialUpdate":false,"showSkybox":true,"showFlares":true,"showImageEffects":true,"showParticleSystems":true},"in2DMode":false,"pivot":{"x":108.53533935546875,"y":14.877555847167969,"z":70.21299743652344},"rotation":{"x":-0.12372733652591706,"y":0.8663186430931091,"z":-0.2644995450973511,"w":-0.40525540709495547},"size":6.276151657104492,"orthographic":true}