{"cameraMode":{"drawMode":0,"name":"Shaded","section":"Shading Mode"},"sceneLighting":true,"audioPlay":false,"sceneViewState":{"showFog":true,"showMaterialUpdate":false,"showSkybox":true,"showFlares":true,"showImageEffects":true,"showParticleSystems":true},"in2DMode":false,"pivot":{"x":85.78680419921875,"y":-70.17599487304688,"z":2.682464599609375},"rotation":{"x":0.20394350588321687,"y":-0.42237386107444765,"z":0.09816598147153855,"w":0.8777456283569336},"size":200.9271240234375,"orthographic":false}