{"cameraMode":{"drawMode":0,"name":"Shaded","section":"Shading Mode"},"sceneLighting":true,"audioPlay":false,"sceneViewState":{"showFog":true,"showMaterialUpdate":false,"showSkybox":true,"showFlares":true,"showImageEffects":true,"showParticleSystems":true},"in2DMode":false,"pivot":{"x":751.8479614257813,"y":382.71478271484377,"z":-159.16046142578126},"rotation":{"x":-0.008690043352544308,"y":0.0029971131589263679,"z":0.00003962940172641538,"w":0.9999886155128479},"size":770.1099243164063,"orthographic":false}