{"cameraMode":{"drawMode":0,"name":"Shaded","section":"Shading Mode"},"sceneLighting":false,"audioPlay":false,"sceneViewState":{"showFog":true,"showMaterialUpdate":false,"showSkybox":false,"showFlares":true,"showImageEffects":true,"showParticleSystems":true},"in2DMode":false,"pivot":{"x":81.50880432128906,"y":0.08263971656560898,"z":62.50730895996094},"rotation":{"x":-0.019858699291944505,"y":-0.9168235063552856,"z":0.04566210135817528,"w":-0.3963358998298645},"size":0.7661205530166626,"orthographic":false}