{"cameraMode":{"drawMode":0,"name":"Shaded","section":"Shading Mode"},"sceneLighting":true,"audioPlay":false,"sceneViewState":{"showFog":true,"showMaterialUpdate":false,"showSkybox":true,"showFlares":true,"showImageEffects":true,"showParticleSystems":true},"in2DMode":false,"pivot":{"x":53.479042053222659,"y":6.302204132080078,"z":47.834896087646487},"rotation":{"x":0.18950040638446809,"y":-0.6823670864105225,"z":0.19018077850341798,"w":0.6799261569976807},"size":92.7181625366211,"orthographic":false}