{"cameraMode":{"drawMode":0,"name":"Shaded","section":"Shading Mode"},"sceneLighting":true,"audioPlay":false,"sceneViewState":{"showFog":true,"showMaterialUpdate":false,"showSkybox":true,"showFlares":true,"showImageEffects":true,"showParticleSystems":true},"in2DMode":false,"pivot":{"x":90.79928588867188,"y":1.2498180866241456,"z":63.94651794433594},"rotation":{"x":0.06724457442760468,"y":0.9238946437835693,"z":-0.32454028725624087,"w":0.1914188712835312},"size":6.425939559936523,"orthographic":false}