{"cameraMode":{"drawMode":0,"name":"Shaded","section":"Shading Mode"},"sceneLighting":true,"audioPlay":false,"sceneViewState":{"showFog":true,"showMaterialUpdate":false,"showSkybox":true,"showFlares":true,"showImageEffects":true,"showParticleSystems":true},"in2DMode":false,"pivot":{"x":72.39246368408203,"y":1.9727864265441895,"z":54.58204650878906},"rotation":{"x":0.26368096470832827,"y":0.4556688368320465,"z":-0.1433344930410385,"w":0.838063657283783},"size":170.2768096923828,"orthographic":false}