{"cameraMode":{"drawMode":0,"name":"Shaded","section":"Shading Mode"},"sceneLighting":true,"audioPlay":false,"sceneViewState":{"showFog":true,"showMaterialUpdate":false,"showSkybox":true,"showFlares":true,"showImageEffects":true,"showParticleSystems":true},"in2DMode":false,"pivot":{"x":82.65498352050781,"y":2.985887050628662,"z":65.6177749633789},"rotation":{"x":-0.008182911202311516,"y":0.9865352511405945,"z":-0.05214688181877136,"w":-0.15485568344593049},"size":9.85180377960205,"orthographic":false}