{"cameraMode":{"drawMode":0,"name":"Shaded","section":"Shading Mode"},"sceneLighting":true,"audioPlay":false,"sceneViewState":{"showFog":true,"showMaterialUpdate":false,"showSkybox":true,"showFlares":true,"showImageEffects":true,"showParticleSystems":true},"in2DMode":false,"pivot":{"x":83.45360565185547,"y":2.2696571350097658,"z":60.98942184448242},"rotation":{"x":-0.009024075232446194,"y":-0.6414057612419128,"z":-0.0074310991913080219,"w":0.7671952843666077},"size":2.287541389465332,"orthographic":false}