{"cameraMode":{"drawMode":0,"name":"Shaded","section":"Shading Mode"},"sceneLighting":true,"audioPlay":false,"sceneViewState":{"showFog":true,"showMaterialUpdate":false,"showSkybox":true,"showFlares":true,"showImageEffects":true,"showParticleSystems":true},"in2DMode":false,"pivot":{"x":86.13260650634766,"y":9.03390884399414,"z":80.69479370117188},"rotation":{"x":0.20842914283275605,"y":-0.7885624766349793,"z":0.44608360528945925,"w":0.36845776438713076},"size":58.61359786987305,"orthographic":false}