{"cameraMode":{"drawMode":0,"name":"Shaded","section":"Shading Mode"},"sceneLighting":true,"audioPlay":false,"sceneViewState":{"showFog":true,"showMaterialUpdate":false,"showSkybox":true,"showFlares":true,"showImageEffects":true,"showParticleSystems":true},"in2DMode":false,"pivot":{"x":74.99295043945313,"y":0.49536609649658205,"z":64.88182067871094},"rotation":{"x":-0.6421043276786804,"y":0.12972913682460786,"z":-0.11151491850614548,"w":-0.74733966588974},"size":0.6949523687362671,"orthographic":false}