{"cameraMode":{"drawMode":0,"name":"Shaded","section":"Shading Mode"},"sceneLighting":true,"audioPlay":false,"sceneViewState":{"showFog":true,"showMaterialUpdate":false,"showSkybox":true,"showFlares":true,"showImageEffects":true,"showParticleSystems":true},"in2DMode":false,"pivot":{"x":57.815040588378909,"y":9.920145034790039,"z":74.34326171875},"rotation":{"x":-0.015266434289515019,"y":-0.9706076383590698,"z":0.2316771298646927,"w":-0.0638621374964714},"size":55.808807373046878,"orthographic":false}