{"cameraMode":{"drawMode":0,"name":"Shaded","section":"Shading Mode"},"sceneLighting":false,"audioPlay":false,"sceneViewState":{"showFog":true,"showMaterialUpdate":false,"showSkybox":false,"showFlares":true,"showImageEffects":true,"showParticleSystems":true},"in2DMode":false,"pivot":{"x":75.0999984741211,"y":0.65140700340271,"z":65.01889038085938},"rotation":{"x":0.021418103948235513,"y":0.901824951171875,"z":-0.04494927451014519,"w":0.42930564284324648},"size":13.121635437011719,"orthographic":false}