{"cameraMode":{"drawMode":0,"name":"Shaded","section":"Shading Mode"},"sceneLighting":true,"audioPlay":false,"sceneViewState":{"showFog":true,"showMaterialUpdate":false,"showSkybox":true,"showFlares":true,"showImageEffects":true,"showParticleSystems":true},"in2DMode":false,"pivot":{"x":84.11508178710938,"y":3.6228482723236086,"z":67.80338287353516},"rotation":{"x":0.008180202916264534,"y":-0.9917868971824646,"z":0.08982089161872864,"w":0.09130293875932694},"size":1.4558145999908448,"orthographic":false}