{"cameraMode":{"drawMode":0,"name":"Shaded","section":"Shading Mode"},"sceneLighting":true,"audioPlay":false,"sceneViewState":{"showFog":true,"showMaterialUpdate":false,"showSkybox":true,"showFlares":true,"showImageEffects":true,"showParticleSystems":true},"in2DMode":false,"pivot":{"x":63.255287170410159,"y":7.374111175537109,"z":44.067298889160159},"rotation":{"x":-0.11323034763336182,"y":0.841863751411438,"z":-0.19428995251655579,"w":-0.4906688630580902},"size":53.27986145019531,"orthographic":false}