{"cameraMode":{"drawMode":0,"name":"Shaded","section":"Shading Mode"},"sceneLighting":false,"audioPlay":false,"sceneViewState":{"showFog":true,"showMaterialUpdate":false,"showSkybox":false,"showFlares":true,"showImageEffects":true,"showParticleSystems":true},"in2DMode":false,"pivot":{"x":75.57862854003906,"y":0.1221814975142479,"z":61.97016906738281},"rotation":{"x":0.03176606819033623,"y":-0.04945851117372513,"z":0.0015906302724033595,"w":0.9983035326004028},"size":4.903846263885498,"orthographic":false}