{"cameraMode":{"drawMode":0,"name":"Shaded","section":"Shading Mode"},"sceneLighting":true,"audioPlay":false,"sceneViewState":{"showFog":true,"showMaterialUpdate":false,"showSkybox":true,"showFlares":true,"showImageEffects":true,"showParticleSystems":true},"in2DMode":false,"pivot":{"x":76.59984588623047,"y":0.17744624614715577,"z":60.48193359375},"rotation":{"x":0.08105425536632538,"y":0.7968143820762634,"z":-0.10969072580337525,"w":0.5886896252632141},"size":4.867282390594482,"orthographic":false}