{"cameraMode":{"drawMode":0,"name":"Shaded","section":"Shading Mode"},"sceneLighting":true,"audioPlay":false,"sceneViewState":{"showFog":true,"showMaterialUpdate":false,"showSkybox":true,"showFlares":true,"showImageEffects":true,"showParticleSystems":true},"in2DMode":false,"pivot":{"x":81.03094482421875,"y":1.363214135169983,"z":62.30494689941406},"rotation":{"x":-0.02481081150472164,"y":-0.9709527492523193,"z":0.11590476334095001,"w":-0.20785915851593018},"size":7.107156753540039,"orthographic":false}