{"cameraMode":{"drawMode":0,"name":"Shaded","section":"Shading Mode"},"sceneLighting":true,"audioPlay":false,"sceneViewState":{"showFog":true,"showMaterialUpdate":false,"showSkybox":true,"showFlares":true,"showImageEffects":true,"showParticleSystems":true},"in2DMode":false,"pivot":{"x":74.85466766357422,"y":18.716617584228517,"z":66.53443145751953},"rotation":{"x":-0.13021661341190339,"y":0.8680360317230225,"z":-0.30785372853279116,"w":-0.3672109544277191},"size":21.451595306396486,"orthographic":false}