{"cameraMode":{"drawMode":0,"name":"Shaded","section":"Shading Mode"},"sceneLighting":true,"audioPlay":false,"sceneViewState":{"showFog":true,"showMaterialUpdate":false,"showSkybox":true,"showFlares":true,"showImageEffects":true,"showParticleSystems":true},"in2DMode":false,"pivot":{"x":83.31829071044922,"y":1.396095871925354,"z":67.72860717773438},"rotation":{"x":-0.03557552769780159,"y":-0.964428722858429,"z":0.18028929829597474,"w":-0.1901867687702179},"size":1.644094467163086,"orthographic":false}