{"cameraMode":{"drawMode":0,"name":"Shaded","section":"Shading Mode"},"sceneLighting":false,"audioPlay":false,"sceneViewState":{"showFog":true,"showMaterialUpdate":false,"showSkybox":false,"showFlares":true,"showImageEffects":true,"showParticleSystems":true},"in2DMode":false,"pivot":{"x":86.20899963378906,"y":0.19370137155056,"z":61.40999984741211},"rotation":{"x":0.030924146994948388,"y":0.9655529856681824,"z":-0.2197820395231247,"w":0.13587191700935365},"size":56628936.0,"orthographic":false}