{"cameraMode":{"drawMode":0,"name":"Shaded","section":"Shading Mode"},"sceneLighting":true,"audioPlay":false,"sceneViewState":{"showFog":true,"showMaterialUpdate":false,"showSkybox":true,"showFlares":true,"showImageEffects":true,"showParticleSystems":true},"in2DMode":false,"pivot":{"x":77.38135528564453,"y":-2.3907599449157717,"z":64.15914916992188},"rotation":{"x":-0.16727076470851899,"y":-0.8327211737632752,"z":0.3751821517944336,"w":-0.37126633524894717},"size":35.64090347290039,"orthographic":false}